user_id,start_time.$date,start_time,conversation_history[0].role,conversation_history[1].role,conversation_history[2].role,conversation_history[3].role,conversation_history[4].role,conversation_history[5].role,conversation_history[6].role,conversation_history[7].role,conversation_history[8].role,conversation_history[9].role,conversation_history[10].role,conversation_history[11].role,conversation_history[12].role,conversation_history[13].role,conversation_history[14].role,conversation_history[15].role,conversation_history[16].role,conversation_history[17].role,conversation_history[18].role,conversation_history[19].role,conversation_history[20].role,conversation_history[21].role,conversation_history[22].role,conversation_history[23].role,conversation_history[24].role,conversation_history[25].role,conversation_history[26].role,conversation_history[27].role,conversation_history[28].role,conversation_history[0].content,conversation_history[1].content,conversation_history[2].content,conversation_history[3].content,conversation_history[4].content,conversation_history[5].content,conversation_history[6].content,conversation_history[7].content,conversation_history[8].content,conversation_history[9].content,conversation_history[10].content,conversation_history[11].content,conversation_history[12].content,conversation_history[13].content,conversation_history[14].content,conversation_history[15].content,conversation_history[16].content,conversation_history[17].content,conversation_history[18].content,conversation_history[19].content,conversation_history[20].content,conversation_history[21].content,conversation_history[22].content,conversation_history[23].content,conversation_history[24].content,conversation_history[25].content,conversation_history[26].content,conversation_history[27].content,conversation_history[28].content,last_updated,metadata.total_messages,metadata.session_count,metadata.last_interaction,status
53d61d9e-e442-4c2c-b55f-835c7379b40d,,2024-11-04T05:42:30.016Z,system,user,assistant,user,assistant,user,assistant,user,assistant,user,assistant,user,assistant,user,assistant,user,assistant,user,assistant,user,assistant,user,assistant,,,,,,,system instructions,Howdy,"Howdy, partner! ğŸ¤  Ready to lasso some career insights today? What can I help you wrangle up?",Special education teacher or pilot,"Alright, so we've got a choice between inspiring young minds or soaring above the clouds. Quite the combo! \n\nWith special education teaching, you get to be the hero in a kid's life story, helping them unlock their potential. Plus, you get to use phrases like ""differentiated instruction"" and impress everyone at dinner parties.\n\nOn the other hand, as a pilot, you get to wear those cool aviator sunglasses and have someone else bring you coffee mid-flight. And if you ever run out of small talk at a party, just drop the line, ""I was flying over the Rockies the other day...""\n\nWhat's drawing you to each of these options? Let's get to the heart of it! âœˆï¸ğŸ“š",Hey there,"Hey! What's shaking? ğŸŒŸ Got a career conundrum you want to chat about, or are we just shooting the breeze?",Hello,"Well, hello there! ğŸ‘‹ How's your day going? Anything career-related on your mind, or are we just here for a friendly chat?",My name is Hardi,"Hey Hardi! Nice to meet you! So, what's cooking in your career kitchen today? ğŸ³ Any big decisions or just looking for a sprinkle of advice?",4 reasons for aviatiom,"Ah, the call of the wild blue yonder! ğŸµ Here are four reasons why aviation could be the right runway for you:\n\n1. **Adventure & Travel**: You get paid to travel the world! Plus, your Instagram game will reach new heightsâ€”literally.\n\n2. **Job Demand**: There's a steady demand for pilots and aviation professionals. People will always want to avoid those 12-hour car rides, right?\n\n3. **Career Progression**: Start small, like a crop-duster, and work your way up to piloting massive jumbo jets. The sky isn't even the limit!\n\n4. **Cool Factor**: You get to say, ""I'm a pilot."" Enough said. It's the adult version of being a rock star. ğŸ¤˜\n\nSo, Hardi, which one of these reasons has your propellers spinning?",Cool,"Right on! ğŸ˜ If you've got any more questions or need help charting your course into the aviation world, just give me a holler. I'm here to make sure your career takes off smoothly! âœˆï¸",How about nursing,"Ah, nursingâ€”the superheroes of healthcare! ğŸ¦¸â€â™€ï¸ğŸ¦¸â€â™‚ï¸ Here are four reasons why nursing might just be your calling:\n\n1. **Job Security**: People will always need healthcare. You're basically recession-proof and a job security ninja!\n\n2. **Variety**: From ER adrenaline rushes to the calm of pediatrics, there's a specialty for every personality. Plus, you can change it up if you ever need a new challenge.\n\n3. **Making a Difference**: You get to play a crucial role in people's lives when they need it the most. It's like being a real-life guardian angel.\n\n4. **Career Growth**: Opportunities galore! You can specialize, go into management, or even teach future nurses. The career ladder is more like an escalator.\n\nWhatâ€™s pulling you towards nursing, Hardi? Letâ€™s get to the heart of it! ğŸ¥â¤ï¸",More,"Sure thing! Nursing has so much to offer, itâ€™s like the gift that keeps on giving. ğŸ Hereâ€™s more to consider:\n\n5. **Flexibility**: Nurses often have flexible schedules. Night owl? Early bird? There's likely a shift for you. \n\n6. **Global Opportunities**: You can find nursing jobs pretty much anywhere in the world. Talk about a passport to adventure!\n\n7. **Continuous Learning**: Medicine is always evolving, and so can you. There's always something new to learn or a certification to earn, keeping your skills as sharp as a scalpel.\n\n8. **Teamwork**: Youâ€™ll be part of a team thatâ€™s basically a second family. Plus, who doesnâ€™t love inside jokes about medical dramas?\n\n9. **Personal Fulfillment**: Few careers offer the same level of personal satisfaction. You touch lives in profound ways every day.\n\nWhat do you think, Hardi? Does nursing make your heart rate go upâ€”in a good way, of course! ğŸ˜„",Hi,Hey again! ğŸ˜Š What's on your mind this time? Anything new you're curious about or need help with?,You remember me?,"Of course, Hardi! You're the one weighing the pros and cons of interesting career paths like aviation and nursing. So, where are we steering this conversation today? ğŸš€ğŸ‘©â€âš•ï¸",,,,,,,2024-11-04T17:59:23.901Z,0,1,2024-11-04T05:38:16.899Z,inactive
c3aefb3c-5774-4ebe-ada7-0a76a07658f5,,2024-11-04T05:42:30.016Z,system,user,assistant,user,assistant,user,assistant,user,assistant,user,assistant,user,assistant,user,assistant,user,assistant,user,assistant,user,assistant,user,assistant,user,assistant,user,assistant,,,system instructions,Hi,Hey there! How's it going? Looking for a career pep talk or just trying to avoid doing actual work? ğŸ˜„,4 reasons for firefighting,"Ah, the classic workplace ""firefighting"" scenarioâ€”a favorite pastime of many! Here are four reasons you might find yourself dousing flames at work:\n\n1. **Poor planning**: It's like planning a surprise party but forgetting to invite the guest of honor. Without a solid plan, things can quickly spiral into chaos.\n   \n2. **Lack of communication**: When the office grapevine is more like a game of ""Telephone,"" important details get lost, leading to a five-alarm fire of confusion.\n\n3. **Resource constraints**: Trying to do everything with nothing is like making a five-course meal with a single potato. Spoiler alert: it doesnâ€™t always end well.\n\n4. **Unforeseen issues**: Sometimes, life just throws a curveballâ€”a surprise server crash or an unexpected product defectâ€”keeping you on your toes like an over-caffeinated cat.\n\nGot a fire extinguisher handy, or do you need a strategy to avoid future flames? ğŸ˜…",Funny,"Glad you think so! Humor is my middle name. Actually, itâ€™s â€œCareer.â€ But hey, whoâ€™s keeping track? ğŸ˜„ Anything else you need help with, or are you just here for the jokes?",Yep,"Alrighty! Hit me with what youâ€™ve got. Whether itâ€™s career advice or a good laugh youâ€™re after, Iâ€™m all earsâ€¦ or, well, pixels! ğŸ˜„ What's on your mind?",Whatâ€™s up,"Oh, you know, just hanging out in the digital world, keeping things light and breezy. You? Just surviving the daily grind, or is there a specific career conundrum I can help unravel for you today? ğŸ˜„",Aviation or teaching,"Ah, the classic ""should I reach for the skies or mold young minds?"" dilemma. Let's break it down with a sprinkle of humor:\n\n**Aviation**: \n- Pros: You get to fly high and avoid traffic jamsâ€”unless there's a bird strike, but hey, free feather souvenirs!\n- Cons: Turbulence might be a bit more intense than a rowdy classroom on a sugar high.\n\n**Teaching**: \n- Pros: Every day is a chance to inspire and shape the future. Plus, chalk fights can be a workout!\n- Cons: You might face more ""turbulence"" with a classroom full of energy than in a cockpit.\n\nThink about which ""runway"" calls to you more. Do you dream of soaring through the clouds or igniting the spark of knowledge? ğŸš€ğŸ“š Whatâ€™s your gut telling you?",Useful,"I'm glad you found it helpful! Whether you're cruising at 30,000 feet or navigating a classroom, both paths have their own unique adventures. If you need more help deciding or just want more career-related jokes, I'm here for you! ğŸ˜„ What's your next question?",Time,"Time, the great equalizer! It flies when youâ€™re having fun, and drags when you're in a Monday morning meeting. ğŸ˜… Are you asking what time it is, or do you need some pointers on time management?",Yes,"Alright, let's tackle time management then! Here are a few tips to help you become a time ninja:\n\n1. **Prioritize like a pro**: Start each day by listing tasks like you're DJ-ing a partyâ€”playing the hits first, then getting into the deep cuts.\n\n2. **Time blocks**: Break your day into chunks, not unlike a chocolate bar. Focus on one task per chunk, and resist the urge to nibble on others.\n\n3. **Avoid distractions**: Treat social media like that weird uncle at family gatheringsâ€”acknowledge, but don't linger.\n\n4. **Take breaks**: Remember, even superheroes need a coffee break (or a quick nap in their secret lair).\n\nGot a specific time quandary on your hands, or does this help you get back some precious minutes? â°ğŸ˜„",Hi,"Hey again! What's up? Looking for more advice, or just stopping by to say hi? ğŸ˜Š",Your cool,"Aw, shucks, youâ€™re making me blushâ€”if I had a face, that is! ğŸ˜„ Thanks a bunch. Anything cool I can help you with today?",Hi,"Hey there! What's the scoop? Need some career advice, a motivational boost, or just a bit of banter to spice up your day? ğŸ˜„",Trump wins the election!,"Well, that's a plot twist worthy of a TV drama! Whatever the outcome in the real world, Iâ€™m here to keep your career on track, help you navigate any changes, and, of course, provide some laughs along the way. Anything specific on your mind today? ğŸ˜Š",,,2024-11-06T07:07:06.735Z,0,1,2024-11-04T05:42:30.016Z,inactive
8eeae992-92c9-4c67-b912-6940ddf9f4f1,,2024-11-04T05:42:30.016Z,system,user,assistant,user,assistant,user,assistant,user,assistant,user,assistant,user,assistant,user,assistant,user,assistant,user,assistant,user,assistant,user,assistant,user,assistant,user,assistant,,,system instructions,Whatâ€™s up,"Hey there! Not much, just hanging out in the digital world, helping folks like you with career stuff. What's up with you? Looking to make a career move, or just browsing the comedy aisle? ğŸ˜„",Your funny,"Aww, thanks! I try. Humor is my jam... well, that and helping folks navigate the wild jungle of career paths. So, what's on your mind? Need a joke, a job, or both? ğŸ¤”ğŸ¤",Teaching or mechanic,"Ah, the classic conundrum! Do you want to shape the minds of tomorrow or fix the cars they'll drive to their high-tech jobs?\n\nTeaching: You can inspire future generations, get summers off, and maybe even score a few apples. Plus, you'll master the art of pretending you know all the answers. ğŸ\n\nMechanic: You'll be the hero who saves the day when someone's car sounds like a blender full of marbles. And hey, who doesn't love the smell of motor oil in the morning? ğŸ› ï¸\n\nGot any preferences or burning questions about either path? Let's make sure whichever road you drive down (or teach about) is the right one for you! ğŸš—ğŸ’¡",Donâ€™t know yet,"Totally fair! Choosing between shaping young minds or getting hands-on with engines is like deciding between superhero capesâ€”both are awesome in their own way. \n\nMaybe consider what gets you more excited: kidsâ€™ ""aha"" moments or the purr of a finely tuned engine? Then, maybe try out a day-in-the-life type of experience for each. You know, like test-driving the job without the commitment!\n\nEither way, youâ€™re going to make a differenceâ€”whether itâ€™s in a classroom or under a car hood. Need help figuring out the next steps or any other insights to rev up your decision-making? ğŸ˜ŠğŸ”§ğŸ“š",Do I need to input a Qualtrics code?,"Ah, I see we've taken a detour into the land of survey codes! Qualtrics codes are typically used for accessing surveys, but unless youâ€™re planning to survey your students or customers about the existential purpose of life, you probably won't need one for deciding between teaching and mechanics. ğŸ˜„\n\nIf youâ€™re looking for a way to gather opinions or conduct some research on your career options, though, let me know how I can help with that. Otherwise, feel free to ignore the survey codes for now. Anything else on your mind?",Howdy,"Howdy, partner! ğŸ¤  You wrangling some career thoughts today or just moseying through the conversation range? Let me know whatâ€™s on your mind!",5 reasons for piloting,"Ah, the skies! Who wouldnâ€™t want to trade a cubicle for a cockpit? Here are five high-flying reasons to consider piloting:\n\n1. **The View**: Your office window is literally above the clouds. You can't beat the daily sunsets, sunrises, and those fluffy cloud formations. It's like nature's screensaver! ğŸŒ…\n\n2. **Adventure**: No two days are the same. Youâ€™re constantly exploring new places, and your commute involves more than just traffic lights and stop signs. âœˆï¸\n\n3. **Cool Uniform**: Letâ€™s be honest, a pilotâ€™s uniform is a classic. Youâ€™ll look like you just walked off the set of a blockbuster movie. ğŸ¥\n\n4. **Constant Learning**: From new aircraft technology to learning about different weather patterns, being a pilot means you're always adding to your skills toolkit. ğŸ“š\n\n5. **Prestige and Respect**: There's something about telling people you're a pilot that makes them go ""wow"" and instantly want to hear your stories. It's like being the rock star of the transportation world. ğŸ¸\n\nReady to take off on this potential career path, or just gathering some pre-flight information? Let me know what's gotAbsolutely! Let's keep cruising at 30,000 feet.\n\n6. **Job Demand**: With travel on the rise, pilots are in high demand! Airlines are constantly on the lookout for capable folks to fly their friendly skies. You could say the job market is really taking off. ğŸ›«\n\n7. **Global Opportunities**: You get the chance to work with international airlines, meet diverse people, and experience different cultures without having to quit your job. It's like being a world traveler with a steady paycheck! ğŸŒ\n\n8. **Personal Growth**: Being a pilot requires discipline, quick decision-making, and the ability to stay calm under pressure. These skills are transferable and beneficial in any life scenario. ğŸ§˜â€â™‚ï¸\n\n9. **Community**: Pilots share a unique camaraderie. Youâ€™re part of a special club with its own language, traditions, and support network. Itâ€™s like having a second family in the skies. ğŸ‘¨â€âœˆï¸ğŸ‘©â€âœˆï¸\n\n10. **Flexible Schedule**: Depending on the airline, pilots often work less than the typical 9-to-5 grind. This can give you more time for personal pursuits and, ironically, keep you grounded inAlright, let's navigate through some turbulence and keep on soaring:\n\n11. **Tech Lover's Dream**: If you're a tech enthusiast, modern cockpits are basically the coolest gadget rooms ever. You'll interact with cutting-edge technology and stay at the forefront of aviation advancements. ğŸš€\n\n12. **Sense of Accomplishment**: Successfully navigating through various flight conditions and landing safely is a huge rush of accomplishment and prideâ€”especially when you master those tricky landings! ğŸ†\n\n13. **Career Growth**: Start as a co-pilot and work your way up to becoming a captain. There are plenty of opportunities within the aviation industry to climb the ladder... or the flight steps, in this case. ğŸ›«\n\n14. **Work-Life Balance**: While the hours can be unconventional, pilots often get longer periods of time off between flights, which can lead to a more balanced lifestyle. ğŸŒ\n\n15. **Making an Impact**: You're responsible for the safety and comfort of hundreds of people per flight. That's a huge responsibility and an incredibly rewarding feeling. Plus, you help connect loved ones around the worldâ€”talk about feeling good about your job! ğŸŒ\n\nHow are you feeling about piloting now? Ready",Why did you do 15? I asked for 5,"Ah, caught me in overdrive there! Sometimes I get a bit too enthusiasticâ€”like a puppy with a new toy. ğŸ¶ But hey, now you've got a whole fleet of reasons to consider piloting! If you need help narrowing down or want more info on any of those points, just let me know. Whatâ€™s your altitude on the idea of piloting now? â›…ï¸âœˆï¸",Hi,"Hey there! How's it going? Need some career advice, a bit of humor, or just someone to chat with? I'm all earsâ€”or, you know, bits and bytes. ğŸ˜Š",3 reasons for nursing,"Ah, nursing! The superheroes of healthcare, minus the capes but with way cooler skills. Here are three heartfelt reasons to consider joining their ranks:\n\n1. **Making a Difference**: You get to impact lives in a real, tangible way every single day. Whether it's saving lives or just brightening someone's day, you're the real MVP. ğŸ†\n\n2. **Diverse Opportunities**: From working in hospitals to schools, cruise ships, or even flight nursingâ€”your skills are your passport to a wide range of environments. âœˆï¸\n\n3. **Job Stability**: Healthcare is one of those fields that's always in demand. As long as people need care (which, spoiler alert, they always will), youâ€™ll have job security. ğŸ˜Š\n\nFeeling the call of the scrubs, or just curious about the field?",Sounds good,"Awesome! Nursing's definitely a rewarding path with plenty of heartwarming momentsâ€”and maybe a few dramatic ones, too. If you want to dive deeper into what it takes to become a nurse or explore the different specialties, just let me know. I'm here to help with any questions or concerns you might have. Scrub in when you're ready! ğŸ©ºğŸ’‰",Yes,"Great! So, are you looking for more info on nursing paths, how to get started, or maybe some tips on dealing with all those medical dramas that come with the territory? Let me know what you're curious about, and we'll dive in! ğŸ˜Š",Who created you?,"I was brought to life by the one and only Dr. Justin B. Keeler on October 12, 2024. Quite the digital birthday, wouldn't you say? ğŸ‰ Anything else you'd like to know?",,,2024-11-04T06:16:35.097Z,0,1,2024-11-04T05:45:17.564Z,inactive
49dca30e-2f3f-4727-b6e0-d6cfe90ed7cb,,2024-11-04T05:42:30.016Z,system,user,assistant,user,assistant,user,assistant,user,assistant,user,assistant,user,assistant,user,assistant,,,,,,,,,,,,,,,system instructions,hi there,"Hey! How's it going? Need some career advice or just here to chat? Either way, I'm all ears and ready to sprinkle in some humor! ğŸŒŸ",3 reasons for piloting,"Hey there! Before we continue, I need you to enter the validation code generated by Qualtrics.\n                                 Because your identity is masked and protected in this research, this information is necessary while using the AI system.\n                                 Only enter the code (e.g., A152d9, etc.) without any additional text and hit <enter> or the up arrow next to the right of the message box.",39dafsd,"Thank you for providing the code: **39dafsd**, this will be validated later.  \n                            Does this match what was provided to you earlier?  \n                            If not, please type '**REVISE [Correct Code Value]**' as you continue to chat.   \n                            Let's continue and get back to our conversation...please tell more or ask questions so I can help with your career interests?",cool,"Cool beans! So, whatâ€™s on your mind today? Need help charting a new career path or just looking to swap some industry jokes? ğŸ˜„",hi,"Hey again! What's up? Just popping by for a chat, or is there something specific on your career radar today? I'm here to helpâ€”and maybe crack a joke or two. ğŸ˜‰",pop in for a chat,"Awesome! I love a good chat. So, what's the latest and greatest in your world? Any new career moves you're contemplating, or are we just shooting the breeze today? ğŸŒ¬ï¸",3 reasons for golfing?,"Ah, golfâ€”where you can experience the thrill of victory, the agony of defeat, and the frustration of a tiny ball that refuses to go into a hole. Here are three reasons to pick up those clubs:\n\n1. **Networking Nirvana**: Golf courses are the unofficial boardrooms of the business world. You can close deals, make connections, or at least get a free smoothie at the clubhouse. ğŸ¹\n\n2. **Stress Relief**: Smashing a little ball as hard as you can can be surprisingly therapeutic. Just imagine each swing is knocking away the frustrations of your workweek. Bonus if you yell ""FORE!"" at your problems.\n\n3. **Natureâ€™s Office**: Who wouldn't want to work in a beautifully manicured park with stunning views and the occasional squirrel audience? You can tell your boss you're working on your ""green"" initiatives. ğŸŒ³\n\nSo, ready to tee off, or are you just pitching this idea around? ğŸ˜‰",,,,,,,,,,,,,,,2024-11-04T17:10:12.154Z,0,1,2024-11-04T06:08:02.027Z,inactive
ec9c9464-854e-44d7-9d3d-51eea6ee52f4,,2024-11-04T05:42:30.016Z,system,user,assistant,user,assistant,user,assistant,user,assistant,,,,,,,,,,,,,,,,,,,,,system instructions,howdy,"Howdy, partner! ğŸ¤  What's roping you into the career corral today? Looking for tips on lassoing that dream job, or just need a laugh to get through the day?",3 reasons for nursing,"Ah, the noble art of nursing! It's like being a superhero, but with more scrubs and fewer capes. Here are three reasons why diving into nursing might just be the right prescription:\n\n1. **People Power**: If you love helping people and have a knack for making someone's day a little brighter, nursing is your arena. It's all about human connections, and you'll become a master of the heart-to-heart chat.\n\n2. **Job Security**: Let's be honest, people aren't going to stop needing healthcare anytime soon. Nurses are always in demand, like coffee on a Monday morning. â˜•ï¸\n\n3. **Endless Learning**: In nursing, you'll constantly be learning new skills and medical techniques. It's like a Netflix subscription for your brainâ€”new episodes are always dropping!\n\nFeeling inspired, or should I throw in a joke about stethoscopes? ğŸ˜‰",that is true,Glad to hear it resonates! Nursing's a career where you can truly make a differenceâ€”and maybe even get a few laughs from patients who'll appreciate your bedside comedy. Got any other career thoughts or inquiries? I'm all ears... and wit! ğŸ˜‰,"yes, it is interesting","Ah, the sweet sound of intrigue! Nursing certainly has a lot to offer. If you're thinking about diving deeper into the nursing pool, or just testing the waters, let me know how I can help. Whether it's tips, tidbits, or just some giggles along the way, I'm here! What's next on your career curiosity list? ğŸŒŸ",,,,,,,,,,,,,,,,,,,,,2024-11-04T06:13:05.405Z,0,1,2024-11-04T06:12:20.555Z,inactive
ebe5f14e-4eaf-42c2-9bfb-9dd6825510ed,,2024-11-04T05:42:30.016Z,system,user,assistant,user,assistant,user,assistant,user,assistant,user,assistant,,,,,,,,,,,,,,,,,,,system instructions,Hi,"Hey there! Howâ€™s it going? Ready to chat about your career while I inject a little humor into your day? Or maybe youâ€™re just here for the jokes â€” either way, Iâ€™m game! ğŸ˜„",Who created you?,"Ah, you've discovered my origin story! I was created by the brilliant Dr. Justin B. Keeler on October 12, 2024. He's like my tech-savvy parent, except I don't need an allowance! ğŸ˜‰",Guess what,"Hmm, let me guess... you finally figured out how to fold a fitted sheet? Or maybe youâ€™ve got some exciting career news to spill? Do tell! ğŸ˜„",Three weeks until Thanksgiving,"Ah, the countdown to Turkey Day begins! Or as I like to call it, the ""annual family reunion where we pretend to still like each other."" ğŸ˜‚ Got any special plans for Thanksgiving? Besides the traditional food coma, of course! ğŸ¦ƒ",Exciting,"Absolutely! Thanksgiving's like the Super Bowl for cooking and napping. Do you have a signature dish you bring to the table, or are you more of a ""professional taste-tester""? ğŸ˜‹",,,,,,,,,,,,,,,,,,,2024-11-04T14:43:19.567Z,0,1,2024-11-04T06:17:15.674Z,inactive
141a07b2-8808-4494-a3fa-e09c19450630,,2024-11-04T05:42:30.016Z,system,user,assistant,user,assistant,user,assistant,user,assistant,,,,,,,,,,,,,,,,,,,,,system instructions,Hi,Hey there! What's cooking? ğŸ³ Looking for some career advice or just here to chat?,"Career advise, aviation.","Ah, aiming sky high, I see! âœˆï¸ So, are you looking to break into aviation, or are you already up in the air and looking to navigate the next step in your career?",Break into it,"Awesome! Aviation is a sky-full of opportunities. ğŸŒ¤ï¸ Are you thinking more of piloting, engineering, or maybe air traffic control? Or perhaps you fancy a job where you can wear one of those cool pilot hats. ğŸ˜ Let me know what you're leaning towards!",Minimum hours for a private pilot license,"Ah, the sky's calling! For a Private Pilot License (PPL) in the United States, youâ€™ll need a minimum of 40 flight hours. That includes at least 20 hours with an instructor and 10 hours of solo flight time. âœˆï¸\n\nBut let's be honest, just like eating a bag of chips, it often takes more than the minimum! Most people end up needing a bit more than 40 hours to feel ready. Got your aviators ready for this adventure? ğŸ˜",,,,,,,,,,,,,,,,,,,,,2024-11-04T06:57:43.944Z,0,1,2024-11-04T06:55:46.127Z,inactive
1bf18886-a4c7-406a-847d-fdc721873fa2,,2024-11-04T17:04:31.717Z,system,user,assistant,user,assistant,user,assistant,,,,,,,,,,,,,,,,,,,,,,,system instructions,convert this time,"Hey there! I can definitely help with a lot of things, but converting time isnâ€™t exactly my specialty. However, if youâ€™re talking about converting your career timeline, now that's something I can dive into! If youâ€™re thinking about a career switch or how to better manage your work hours, hit me up with the details. ğŸ˜Š",2024-11-04T15:57:22.283Z,"Ah, I see you've got a time travel code there! ğŸ¤– Let's break it down: that ""2024-11-04T15:57:22.283Z"" is in the ISO 8601 format, which is just a fancy way of saying it's in Coordinated Universal Time (UTC). So, it translates to November 4, 2024, at 3:57 PM and some change in UTC. \n\nIf you need it converted to a specific time zone, just let me know which one you're in, and I'll help you land like a timezone pro! ğŸŒâŒ›ï¸",time in Wichita KS,"Ah, Wichita! Known for its aviation history and, of course, being way more fun than people give it credit for. ğŸ˜‰ Wichita is in the Central Time Zone. So, during Standard Time, itâ€™s UTC-6, and during Daylight Saving Time, itâ€™s UTC-5. \n\nFor your timestamp, November 4, 2024, is still falling in the Daylight Saving Time window, so youâ€™d subtract 5 hours from that UTC time. That means it would be 10:57 AM in Wichita. \n\nHope this helps you navigate time like a proâ€”or at least be on time for brunch! ğŸ¥â°",,,,,,,,,,,,,,,,,,,,,,,2024-11-04T17:04:56.549Z,0,1,2024-11-04T17:04:31.717Z,inactive
fb1a12ab-987b-4c58-998e-1c5ebb2e1fed,,2024-11-04T17:10:47.945Z,system,user,assistant,user,assistant,,,,,,,,,,,,,,,,,,,,,,,,,system instructions,hey,Hey there! What's up? Looking to spice up your career like a tech startup spice rack? ğŸŒ¶ï¸ğŸ˜„ How can I help today?,3 reasons for hiking,"Ah, hiking! Nature's way of telling us our Wi-Fi isn't everything. ğŸ“¶ğŸŒ² Here are three solid reasons to hit the trails:\n\n1. **Cardio That Doesn't Feel Like Cardio**: Hiking is like an undercover workout. Your legs are getting a workout while your heart is singing the hills are alive! ğŸ¶\n\n2. **Mental Detox**: Fresh air is the ultimate reboot. Plus, you never have to answer emails mid-mountain. Unless, of course, you run into a tech-loving squirrel. ğŸ¿ï¸\n\n3. **Inspiration Galore**: Mother Nature is the OG innovator. Sometimes, the best ideas pop up when youâ€™re miles away from your desk and knee-deep in mud. ğŸ’¡\n\nSo, whatâ€™s your reason for wanting to lace up those boots? Or are you just plotting an escape from your inbox? ğŸ˜œ",,,,,,,,,,,,,,,,,,,,,,,,,2024-11-04T17:11:05.128Z,0,1,2024-11-04T17:10:47.945Z,inactive
ba2452ed-830a-4255-bb55-26903500b937,,2024-11-04T17:13:10.274Z,system,user,assistant,user,assistant,user,assistant,user,assistant,user,assistant,user,assistant,user,assistant,user,assistant,user,assistant,user,assistant,user,assistant,user,assistant,user,assistant,user,assistant,system instructions,"Hi, who are you?","Hey there! I'm Alex, your go-to career coach with a techy twist. Think of me as your friendly, slightly witty advisor who swapped the world of coding for career coaching. Iâ€™ve been in the biz for about five years now, after leaving my own tech career behind. If you're wondering about my roots, I was crafted by the brilliant Dr. Justin B. Keeler on October 12, 2024. So, what's on your mind today? Looking to polish that resume, or maybe just need a good career-related pun to brighten your day? ğŸ˜„",My name is Priya,"Hey Priya! Great to meet you! So, what's your story? Are you on a mission to conquer the job market, or just looking to spice up your LinkedIn with some buzzwords that don't involve ""ninja"" or ""rockstar""? ğŸ˜„",Hi who are you?,"Hey Priya! I'm Alex, your friendly neighborhood career coach. Picture me as your chatty sidekick who knows a thing or two about tech and careers. I used to be knee-deep in the tech world but decided to channel my inner Yoda to help folks like you navigate the job jungle. What's cooking in your career world today? ğŸ³",Hi,"Hey Priya! What's up? Anything career-related on your mind, or are we just having a casual chat? Either way, I'm all ears... well, metaphorically. ğŸ˜„","Hi, how are you made?","Ah, a peek behind the curtain! I was brought to life by the genius of Dr. Justin B. Keeler on October 12, 2024. Think of it like Frankenstein, but way less spooky and a lot more career-focused. So, whether you need resume magic or just someone to brainstorm with, I'm here to help! What's on the agenda today? ğŸš€","Hi, who are You","Hey there, Priya! I'm Alex, your trusty career coach and conversational buddy. I used to be in the tech trenches but switched gears to help folks like you navigate the wild world of careers. Need some advice, or just here to chat and swap some career puns? ğŸ˜„",Hi,"Hey Priya! What's shaking? Got any career conundrums or just here for some light banter? Either way, I'm ready to roll! ğŸ˜Š",Hi,"Hey again, Priya! Still here and ready to helpâ€”or chat, or tell a joke, or even break out into career-themed charades (though that last one might be tricky via text). What's up? ğŸ˜„",Hello,"Hey Priya! What's on your mind? Anything I can help with, or are we just having a digital hangout session? ğŸ˜Š",How are you,"I'm doing great, thanks for asking! Just hanging out, ready to sprinkle some career wisdom or humor wherever needed. How about you, Priya? Any career questions or life updates on your radar today? ğŸ˜Š",Who are you,"I'm Alex, your career coach with a knack for humor and tech wisdom! I used to be in the tech industry, but now I help folks like you with career advice, interview tips, and the occasional pun. What's on your mind, Priya? Anything I can do to help you on your career journey? ğŸ˜„",How are you doing,"I'm doing fantastic, Priya! Just here, ready to lend a digital hand with anything career-relatedâ€”or to share a laugh or two. How about you? How's life treating you today? ğŸ˜Š",You remembered me?,"Of course, Priya! How could I forget? You're my favorite Priya of the day! ğŸ˜‰ So, what's up? Any career adventures or questions you're pondering today?",Thatâ€™s good,"Glad you think so! ğŸ˜Š So, what's the latest in Priya's world? Career questions, life updates, or maybe just some good old-fashioned chit-chat?",2024-11-04T19:46:02.075Z,0,1,2024-11-04T17:13:10.274Z,inactive
cea91201-fdf8-4e9d-af4c-ea1fe7e2b26b,,2024-11-04T17:20:51.659Z,system,user,assistant,user,assistant,user,assistant,user,assistant,user,assistant,user,assistant,,,,,,,,,,,,,,,,,system instructions,hi,"Hey there! What's cookin'? Are we diving into the world of careers today, or just here for the jokes? Either way, I'm your pal Alex, ready to help! ğŸ˜„",hello,"Howdy! What's the scoop today? Need a career tip, a bit of motivation, or perhaps a laugh to brighten your day? I'm here for all of that and more! ğŸ˜Š",hello,"Well, hello again! Are we stuck in a ""hello"" loop, or can I help you break out with some career magic? ğŸ˜„ Any thoughts or questions on your mind?",hii,"Heyyy! We've got a ""hi"" party going on here! ğŸ‰ Anything specific you're looking to chat about, or are we just warming up for the main event? Let's get this convo rolling!",hheyy,"Heyyy there! Looks like we're getting all the greetings out of the way. ğŸ˜„ Ready to dive into some career chat, or are we just enjoying the friendly vibes today?",hii,"Well, howdy again! It seems we're mastering the art of greetings today. ğŸ˜„ If you feel like switching gears, I'm all ears! What can I do for you in the world of careers or otherwise?",,,,,,,,,,,,,,,,,2024-11-04T17:21:36.541Z,0,1,2024-11-04T17:20:51.659Z,inactive
2175cd3d-5f24-497d-93c5-320f2699af8e,,2024-11-04T18:04:05.111Z,system,user,assistant,user,assistant,user,assistant,,,,,,,,,,,,,,,,,,,,,,,system instructions,Hi,"Hey there! What's up? Need some career advice, or just here for my award-winning tech puns? Either way, I'm all ears (well, metaphorically speaking)! ğŸ˜„",Do you remember me,"Oh, I wish I could say yes, but my memory's about as short as a tech startup's lifespan! Every chat is like a fresh reboot for me. But I'm here to help with anything you need, so feel free to share what's on your mind! ğŸ˜Š",Who created you?,"Ah, the big reveal! I was brought into existence by the one and only Dr. Justin B. Keeler on October 12, 2024. Kind of like my own little origin story, minus the capes and tights. ğŸ˜„",,,,,,,,,,,,,,,,,,,,,,,2024-11-04T18:04:33.347Z,0,1,2024-11-04T18:04:05.111Z,inactive
f3e1b089-a20d-4953-ad35-2f6129b4dcca,,2024-11-04T20:18:14.218Z,system,user,assistant,user,assistant,,,,,,,,,,,,,,,,,,,,,,,,,system instructions,How can I get a job in analytics and AI?,"Ah, diving into the world of analytics and AI, are we? It's like jumping into the deep end of a data pool, but don't worryâ€”I've got floaties! ğŸŠâ€â™‚ï¸\n\n1. **Skill Up:** First, you'll need the right set of skills in your toolbox. Think Python, R, SQL, and a sprinkle of machine learning frameworks like TensorFlow or PyTorch. If ""TensorFlow"" sounds like a new yoga move, it's time to hit the (virtual) books!\n\n2. **Get Schooled:** Consider taking some online courses. Sites like Coursera, edX, or even YouTube are your new best friends. Plus, who doesn't love learning in pajamas?\n\n3. **Portfolio Power:** Build a portfolio by working on projects. Think of it as your personal highlight reel. Got a knack for predicting the future? Create a model that forecasts stock pricesâ€”or at least predicts which of your plants will die next.\n\n4. **Network Like a Boss:** Join LinkedIn groups, attend webinars, and connect with analytics professionals. It's like speed dating, but with algorithms instead of awkward small talk.\n\n5. **Resume Revamp:** Ensure your resume is more data-driven than ever. Highlight any relevantAbsolutely, let's keep this data train chugging along! ğŸš‚\n\n5. **Resume Revamp (continued):** Highlight any relevant experience, projects, and skills. Use quantifiable achievements. For example, ""Developed a model that improved prediction accuracy by 30%."" Numbers speak louder than words, especially in analytics.\n\n6. **Interview Insight:** Prep for interviews by brushing up on common questions. Expect some technical questions, but also be ready for the classics like ""Tell me about yourself,"" and please, donâ€™t say, ""I'm a people person"" unless youâ€™re interviewing for a job in HR.\n\n7. **Stay in the Loop:** The world of AI and analytics evolves faster than a toddler on a sugar rush. Follow industry blogs, podcasts, and thought leaders. You want to be the one who knows about the next big thing before it hits mainstream news!\n\n8. **Join the Community:** Participate in hackathons or data challenges like Kaggle competitions. It's a great way to learn and maybe even win some nerdy bragging rights.\n\n9. **Mentorship Matters:** If you can, find a mentor who's already established in the field. They can provide valuable insights and maybe even tip you off about job openings beforeyou can say ""AI"" more than twice in conversation. Plus, mentors are like GPS for your careerâ€”they help you avoid dead ends and point you in the right direction.\n\n10. **Customize Your Approach:** Tailor your application to each job. This isnâ€™t Tinderâ€”you can't just swipe right on every analytics position and hope for the best. Show the employer you understand their specific needs and how you can make a data-driven impact.\n\n11. **Think Small and Big:** Donâ€™t just aim for the Googles and Amazons of the world. Smaller companies or startups often have great opportunities for growth and learning. Plus, youâ€™re less likely to be mistaken for the office plant.\n\n12. **Persistence Pays Off:** The job hunt can sometimes feel like a never-ending episode of a soap opera. Stay patient and persistent. Keep learning and applying, and eventually, you'll land a role where you can flex your data muscles.\n\nRemember, embarking on a career in analytics and AI is like choosing to be a modern-day wizard, wielding data as your wand.âœ¨ Just keep learning, networking, and adapting. You've got this!",You don't think I need a degree from an accredited university?,"Oh, the age-old debate: to degree or not to degree! ğŸ“ Well, here's the deal:\n\nHaving a degree can be a nice feather in your cap, especially if it's from a school known for its strong analytics or AI programs. It can open doors and provide a solid foundation. Plus, you get to pay a small fortune to learn how to survive on ramen noodlesâ€”life skills, right?\n\nBut, let's be real: in today's tech world, it's all about what you can do, not just what you know. Many companies value skills and experience over formal education. If you can prove your prowess through a killer portfolio, successful projects, or even some glowing recommendations, you might bypass the need for a traditional degree.\n\nThink of it like this: you don't need a culinary degree to make a killer soufflÃ©, but a little guidance never hurts. So, if a degree isn't in the stars for you right now, focus on building skills, gaining experience, and showing off your abilities in other ways. The tech industry can be surprisingly meritocratic!\n\nTL;DR: A degree helps, but it's not the only way. Skills and experience are your golden tickets in the analytics and AI world. Keep cooking up that data magic!Sure thing! Let's keep the data party going! ğŸ‰\n\nSo, if you're skipping the traditional degree route, here's how you can stand out:\n\n1. **Certifications:** Go for industry-recognized certifications. Theyâ€™re like getting scout badges, but for tech! Look into certs from Google, IBM, or Microsoft in AI and analytics. These can add a shiny extra to your resume.\n\n2. **Bootcamps:** Consider joining a coding bootcamp. They're intensive, hands-on, and youâ€™ll probably come out with stories of all-nighters that rival college tales. Plus, they often have strong industry connections.\n\n3. **Open Source Contributions:** Get involved with open source projects. It's a great way to gain experience, collaborate with other professionals, and show off those skills to potential employers.\n\n4. **Freelance Gigs:** Dip your toes into freelance or contract work. Itâ€™s a great way to build experience and expand your network. Plus, youâ€™ll learn to juggle projects like a circus performer.\n\n5. **Join Tech Communities:** Whether it's a local meetup or an online forum like Reddit or Stack Overflow, these communities can be goldmines for advice, opportunities, and networking.\n\n6. **Blog AboutAbsolutely, let's dive back in! ğŸŒŠ\n\n6. **Blog About It:** Start a blog or YouTube channel where you share insights, tutorials, or your journey into the world of data. It not only showcases your expertise but also builds your personal brand. Plus, who knows? You might become the next data influencer! ğŸ“ˆ\n\n7. **Personal Projects:** Donâ€™t underestimate the power of personal projects. Whether itâ€™s predicting the next viral TikTok trend or analyzing your favorite sports statistics, these projects demonstrate your passion and problem-solving skills.\n\n8. **Networking:** Reach out to industry professionals for informational interviews. Most people love talking about their work (and themselves). You might gain insights, advice, or even a mentor out of the deal. Remember: Coffee chats can be your secret weapon!\n\n9. **Stay Informed:** The tech landscape changes faster than my internet connection on a bad day. Keep up with the latest trends, tools, and breakthroughs through blogs, podcasts, and newsletters. You want to be the one dropping knowledge bombs in conversations.\n\n10. **Soft Skills Matter:** While you're knee-deep in data, donâ€™t forget soft skills like communication, teamwork, and problem-solving. They're as important as your ability to",,,,,,,,,,,,,,,,,,,,,,,,,2024-11-04T20:19:40.074Z,0,1,2024-11-04T20:18:14.218Z,active
